dt,normk
7.282051282,215.443469
106.8660214,25349.74003
