dt,normk
19.32103954,955.5170533
64.04219916,152850.4789
